id_kunjungan,tanggal,nim_hash,prodi,angkatan,durasi_menit,jumlah_pinjam,jenis_ruang,kepuasan
K100000,2025-05-18,H1160,Sistem Informasi,2024,30,0,Lab Komputer,5.0
K100001,2025-02-22,H1190,Teknik Informatika,2023,78,1,Ruang Baca,3.6
K100002,2025-06-11,H1070,Sistem Informasi,2025,56,2,Ruang Baca,4.1
K100003,2025-05-06,H1001,Sistem Informasi,2024,12,1,Lab Komputer,2.6
K100004,2025-02-24,H1047,Teknik Informatika,2023,67,1,Lab Komputer,4.3
K100005,2025-04-07,H1063,Teknik Informatika,2024,67,1,Ruang Diskusi,3.5
K100006,2025-05-27,H1071,Teknik Informatika,2024,58,0,Ruang Diskusi,4.1
K100007,2025-06-29,H1050,Teknik Informatika,2024,78,0,Ruang Baca,3.9
K100008,2025-02-24,H1076,Sistem Informasi,2022,42,2,Ruang Diskusi,4.7
K100009,2025-05-14,H1170,Teknik Informatika,2025,83,2,Ruang Baca,4.1
K100010,2025-03-18,H1014,Teknik Informatika,2023,82,1,Ruang Baca,4.6
K100011,2025-04-13,H1038,Teknik Informatika,2023,71,1,Ruang Baca,4.2
K100012,2025-03-20,H1120,Teknik Informatika,2025,100,1,Ruang Baca,3.6
K100013,2025-06-23,H1168,Sistem Informasi,2023,86,2,Ruang Diskusi,3.6
K100014,2025-04-05,H1058,Sistem Informasi,2025,100,2,Ruang Baca,4.4
K100015,2025-05-01,H1045,Sistem Informasi,2024,127,0,Ruang Diskusi,4.1
K100016,2025-05-12,H1089,Bisnis Digital,2022,67,0,Ruang Baca,4.8
K100017,2025-03-09,H1114,Sistem Informasi,2022,62,2,Ruang Baca,4.3
K100018,2025-03-21,H1084,Teknik Informatika,2024,109,1,Ruang Baca,4.0
K100019,2025-03-14,H1120,Teknik Informatika,2023,35,0,Ruang Diskusi,3.0
K100020,2025-02-06,H1138,Teknik Informatika,2022,62,1,Lab Komputer,2.7
K100021,2025-02-05,H1058,Sistem Informasi,2024,89,2,Ruang Baca,5.0
K100022,2025-05-24,H1118,Sistem Informasi,2023,68,0,Ruang Diskusi,4.5
K100023,2025-03-29,H1157,Sistem Informasi,2022,54,0,Ruang Diskusi,4.8
K100024,2025-05-07,H1139,Teknik Informatika,2025,65,2,Ruang Diskusi,5.0
K100025,2025-05-16,H1175,Teknik Informatika,2023,83,1,Ruang Diskusi,3.3
K100026,2025-03-08,H1030,Teknik Informatika,2023,57,3,Ruang Baca,3.4
K100027,2025-05-11,H1098,Sistem Informasi,2024,49,2,Ruang Baca,
K100028,2025-05-24,H1114,Teknik Informatika,2023,132,0,Ruang Diskusi,4.2
K100029,2025-06-24,H1172,Teknik Informatika,2025,117,0,Ruang Diskusi,4.5
K100030,2025-06-03,H1095,Sistem Informasi,2024,77,1,Ruang Baca,4.0
K100031,2025-04-13,H1078,Teknik Informatika,2024,89,5,Lab Komputer,3.8
K100032,2025-05-29,H1104,Teknik Informatika,2024,57,2,Ruang Diskusi,1.5
K100033,2025-06-10,H1117,Bisnis Digital,2024,120,0,Lab Komputer,3.2
K100034,2025-06-12,H1109,Sistem Informasi,2024,68,0,Ruang Diskusi,5.0
K100035,2025-02-14,H1114,Teknik Informatika,2022,82,0,Ruang Diskusi,4.2
K100036,2025-05-16,H1136,Sistem Informasi,2024,54,2,Ruang Baca,4.4
K100037,2025-06-02,H1120,Sistem Informasi,2025,126,0,Ruang Baca,3.2
K100038,2025-02-28,H1193,Teknik Informatika,2024,97,1,Ruang Baca,4.1
K100039,2025-06-08,H1152,Sistem Informasi,2025,71,1,Ruang Baca,
K100040,2025-04-24,H1120,Sistem Informasi,2023,127,2,Ruang Baca,4.5
K100041,2025-02-26,H1053,Teknik Informatika,2024,80,3,Ruang Baca,3.1
K100042,2025-05-01,H1112,Teknik Informatika,2023,41,0,Lab Komputer,3.7
K100043,2025-03-18,H1067,Teknik Informatika,2023,63,2,Ruang Baca,4.0
K100044,2025-06-23,H1149,Sistem Informasi,2023,67,1,Lab Komputer,3.1
K100045,2025-04-02,H1133,Teknik Informatika,2022,49,1,Ruang Diskusi,5.0
K100046,2025-05-24,H1140,Teknik Informatika,2024,88,0,Lab Komputer,
K100047,2025-03-25,H1188,Bisnis Digital,2022,33,1,Ruang Baca,4.2
K100048,2025-03-05,H1174,Sistem Informasi,2024,102,1,Ruang Baca,4.3
K100049,2025-05-29,H1095,Sistem Informasi,2025,47,1,Ruang Diskusi,4.0
K100050,2025-03-22,H1082,Sistem Informasi,2023,143,1,Ruang Baca,4.0
K100051,2025-03-09,H1144,Teknik Informatika,2024,124,1,Ruang Baca,5.0
K100052,2025-06-17,H1016,Teknik Informatika,2025,57,1,Ruang Diskusi,3.9
K100053,2025-02-05,H1099,Bisnis Digital,2024,96,1,Ruang Baca,4.0
K100054,2025-05-01,H1165,Teknik Informatika,2023,63,4,Lab Komputer,5.0
K100055,2025-02-22,H1098,Teknik Informatika,2022,123,0,Ruang Diskusi,4.3
K100056,2025-02-05,H1138,Teknik Informatika,2024,68,0,Lab Komputer,5.0
K100057,2025-04-09,H1018,Sistem Informasi,2024,92,0,Lab Komputer,4.3
K100058,2025-03-31,H1165,Teknik Informatika,2024,71,1,Ruang Baca,4.5
K100059,2025-05-20,H1092,Bisnis Digital,2025,101,0,Lab Komputer,4.5
K100060,2025-04-01,H1058,Teknik Informatika,2022,70,1,Ruang Baca,2.8
K100061,2025-02-07,H1017,Teknik Informatika,2025,93,0,Ruang Diskusi,3.6
K100062,2025-04-03,H1055,Sistem Informasi,2025,69,1,Lab Komputer,4.9
K100063,2025-06-06,H1098,Bisnis Digital,2024,142,1,Ruang Diskusi,3.7
K100064,2025-04-13,H1129,Teknik Informatika,2023,61,2,Lab Komputer,4.6
K100065,2025-03-05,H1186,Teknik Informatika,2023,126,0,Ruang Baca,3.9
K100066,2025-03-23,H1109,Teknik Informatika,2025,58,1,Ruang Diskusi,4.1
K100067,2025-03-12,H1016,Teknik Informatika,2024,137,1,Lab Komputer,3.6
K100068,2025-03-06,H1034,Sistem Informasi,2024,99,1,Ruang Baca,
K100069,2025-04-14,H1136,Teknik Informatika,2023,21,1,Lab Komputer,4.1
K100070,2025-06-28,H1199,Sistem Informasi,2025,9,2,Lab Komputer,4.7
K100071,2025-05-04,H1070,Teknik Informatika,2023,67,0,Ruang Diskusi,4.4
K100072,2025-05-03,H1006,Sistem Informasi,2024,99,1,Ruang Baca,3.5
K100073,2025-02-04,H1140,Bisnis Digital,2024,63,1,Ruang Baca,4.9
K100074,2025-03-07,H1025,Teknik Informatika,2023,72,3,Ruang Baca,3.7
K100075,2025-03-24,H1009,Teknik Informatika,2025,108,1,Ruang Baca,2.8
K100076,2025-03-21,H1181,Teknik Informatika,2023,68,1,Ruang Baca,
K100077,2025-02-25,H1022,Bisnis Digital,2023,63,0,Ruang Baca,3.2
K100078,2025-04-15,H1147,Teknik Informatika,2024,34,3,Ruang Baca,3.6
K100079,2025-06-28,H1127,Sistem Informasi,2023,82,1,Ruang Baca,2.4
K100080,2025-03-11,H1108,Teknik Informatika,2023,5,0,Lab Komputer,4.0
K100081,2025-06-25,H1050,Teknik Informatika,2024,125,1,Ruang Baca,4.1
K100082,2025-03-09,H1178,Sistem Informasi,2025,91,0,Lab Komputer,2.8
K100083,2025-06-28,H1001,Teknik Informatika,2022,97,3,Ruang Baca,3.6
K100084,2025-05-15,H1153,Sistem Informasi,2022,90,1,Ruang Diskusi,3.5
K100085,2025-06-17,H1179,Teknik Informatika,2022,76,1,Ruang Baca,4.5
K100086,2025-04-16,H1034,Sistem Informasi,2023,40,3,Ruang Diskusi,4.1
K100087,2025-06-05,H1120,Teknik Informatika,2025,89,2,Ruang Diskusi,
K100088,2025-04-06,H1097,Bisnis Digital,2025,49,3,Ruang Baca,4.7
K100089,2025-06-17,H1080,Teknik Informatika,2025,127,2,Ruang Baca,4.3
K100090,2025-03-20,H1013,Bisnis Digital,2023,37,2,Ruang Baca,3.8
K100091,2025-04-26,H1153,Teknik Informatika,2025,87,0,Ruang Diskusi,2.8
K100092,2025-02-16,H1168,Teknik Informatika,2022,112,2,Ruang Diskusi,4.8
K100093,2025-04-27,H1021,Sistem Informasi,2024,91,2,Ruang Diskusi,4.4
K100094,2025-03-11,H1028,Sistem Informasi,2022,94,1,Ruang Diskusi,4.7
K100095,2025-03-15,H1175,Teknik Informatika,2024,89,1,Ruang Diskusi,2.6
K100096,2025-05-02,H1160,Teknik Informatika,2024,89,0,Ruang Baca,4.4
K100097,2025-04-24,H1142,Teknik Informatika,2024,58,2,Ruang Diskusi,3.9
K100098,2025-05-06,H1136,Teknik Informatika,2024,108,3,Ruang Baca,3.3
K100099,2025-05-21,H1113,Sistem Informasi,2024,68,4,Ruang Baca,3.6
K100100,2025-04-18,H1108,Bisnis Digital,2023,118,0,Ruang Baca,4.3
K100101,2025-04-28,H1071,Teknik Informatika,2023,107,1,Lab Komputer,3.6
K100102,2025-04-04,H1195,Teknik Informatika,2024,116,1,Ruang Diskusi,3.7
K100103,2025-02-02,H1174,Sistem Informasi,2024,43,2,Ruang Baca,3.6
K100104,2025-06-10,H1151,Sistem Informasi,2022,9,1,Ruang Baca,5.0
K100105,2025-04-15,H1099,Bisnis Digital,2024,83,3,Ruang Baca,3.3
K100106,2025-06-10,H1056,Teknik Informatika,2024,73,1,Lab Komputer,3.0
K100107,2025-05-02,H1152,Teknik Informatika,2023,80,1,Ruang Diskusi,4.1
K100108,2025-04-29,H1035,Teknik Informatika,2025,32,0,Ruang Diskusi,3.7
K100109,2025-04-26,H1135,Sistem Informasi,2023,5,1,Lab Komputer,4.5
K100110,2025-04-20,H1013,Sistem Informasi,2023,96,3,Ruang Baca,3.9
K100111,2025-02-21,H1040,Bisnis Digital,2023,55,1,Ruang Diskusi,
K100112,2025-03-08,H1158,Teknik Informatika,2023,49,2,Ruang Diskusi,5.0
K100113,2025-02-13,H1189,Teknik Informatika,2024,35,0,Ruang Diskusi,3.9
K100114,2025-06-30,H1152,Bisnis Digital,2023,113,2,Ruang Baca,3.1
K100115,2025-06-16,H1153,Teknik Informatika,2023,124,2,Ruang Diskusi,4.0
K100116,2025-06-27,H1138,Sistem Informasi,2024,17,1,Ruang Baca,4.7
K100117,2025-02-28,H1105,Teknik Informatika,2025,41,0,Ruang Baca,3.6
K100118,2025-06-20,H1171,Sistem Informasi,2024,60,1,Ruang Baca,3.3
K100119,2025-02-05,H1078,Teknik Informatika,2024,56,2,Lab Komputer,2.7
K100120,2025-04-23,H1042,Sistem Informasi,2025,133,1,Ruang Diskusi,4.1
K100121,2025-02-14,H1179,Sistem Informasi,2024,58,1,Ruang Diskusi,3.4
K100122,2025-05-16,H1013,Teknik Informatika,2023,80,2,Ruang Baca,
K100123,2025-02-04,H1164,Sistem Informasi,2024,130,1,Ruang Diskusi,3.3
K100124,2025-05-09,H1079,Sistem Informasi,2024,88,1,Ruang Diskusi,5.0
K100125,2025-04-04,H1046,Teknik Informatika,2022,101,3,Ruang Diskusi,3.8
K100126,2025-05-18,H1150,Teknik Informatika,2022,51,1,Ruang Baca,
K100127,2025-05-20,H1136,Teknik Informatika,2024,78,0,Ruang Diskusi,4.2
K100128,2025-05-21,H1113,Teknik Informatika,2024,64,3,Ruang Diskusi,5.0
K100129,2025-06-22,H1030,Teknik Informatika,2022,131,2,Ruang Diskusi,3.1
K100130,2025-04-07,H1149,Sistem Informasi,2024,128,2,Ruang Diskusi,2.9
K100131,2025-05-29,H1145,Teknik Informatika,2024,67,2,Ruang Baca,3.4
K100132,2025-03-21,H1175,Teknik Informatika,2022,34,1,Ruang Diskusi,3.2
K100133,2025-06-15,H1009,Teknik Informatika,2025,60,3,Ruang Baca,3.4
K100134,2025-06-08,H1127,Teknik Informatika,2024,71,1,Ruang Diskusi,4.9
K100135,2025-03-27,H1075,Bisnis Digital,2025,55,3,Ruang Baca,
K100136,2025-06-19,H1092,Sistem Informasi,2023,95,0,Lab Komputer,4.3
K100137,2025-04-02,H1181,Teknik Informatika,2025,24,0,Ruang Baca,3.0
K100138,2025-02-01,H1083,Teknik Informatika,2022,38,1,Ruang Baca,3.8
K100139,2025-05-22,H1069,Teknik Informatika,2022,102,0,Ruang Baca,4.0
K100140,2025-02-10,H1117,Sistem Informasi,2024,41,1,Lab Komputer,4.5
K100141,2025-06-19,H1130,Teknik Informatika,2023,16,1,Ruang Diskusi,4.7
K100142,2025-04-15,H1009,Teknik Informatika,2024,32,0,Ruang Baca,4.7
K100143,2025-03-28,H1140,Bisnis Digital,2023,113,0,Ruang Baca,5.0
K100144,2025-03-17,H1087,Teknik Informatika,2024,97,1,Ruang Diskusi,3.6
K100145,2025-02-28,H1007,Bisnis Digital,2024,66,1,Lab Komputer,4.1
K100146,2025-05-30,H1161,Teknik Informatika,2024,39,2,Ruang Baca,3.9
K100147,2025-02-04,H1004,Teknik Informatika,2023,48,1,Ruang Diskusi,3.6
K100148,2025-05-22,H1174,Teknik Informatika,2024,46,2,Ruang Baca,3.7
K100149,2025-03-29,H1063,Sistem Informasi,2022,70,1,Ruang Diskusi,3.9
K100150,2025-06-03,H1119,Teknik Informatika,2023,65,0,Ruang Baca,4.4
K100151,2025-03-29,H1109,Teknik Informatika,2024,66,0,Ruang Baca,4.5
K100152,2025-03-01,H1108,Teknik Informatika,2024,121,0,Lab Komputer,4.5
K100153,2025-05-03,H1007,Teknik Informatika,2024,112,1,Ruang Baca,3.5
K100154,2025-04-08,H1039,Teknik Informatika,2022,60,4,Ruang Baca,4.5
K100155,2025-02-05,H1083,Bisnis Digital,2023,78,1,Ruang Diskusi,4.7
K100156,2025-04-16,H1082,Bisnis Digital,2022,98,3,Ruang Baca,4.2
K100157,2025-02-02,H1113,Teknik Informatika,2025,82,1,Ruang Baca,4.7
K100158,2025-04-24,H1150,Teknik Informatika,2022,140,2,Ruang Diskusi,
K100159,2025-02-24,H1058,Sistem Informasi,2025,36,1,Ruang Diskusi,3.6
K100160,2025-02-09,H1071,Bisnis Digital,2023,22,1,Lab Komputer,4.4
K100161,2025-05-10,H1188,Teknik Informatika,2022,83,1,Lab Komputer,
K100162,2025-03-08,H1153,Sistem Informasi,2025,118,1,Lab Komputer,3.6
K100163,2025-02-06,H1108,Bisnis Digital,2024,108,1,Ruang Baca,2.8
K100164,2025-05-10,H1124,Sistem Informasi,2024,55,1,Lab Komputer,5.0
K100165,2025-05-01,H1186,Sistem Informasi,2023,115,0,Ruang Diskusi,4.2
K100166,2025-06-14,H1157,Teknik Informatika,2023,95,1,Ruang Baca,3.6
K100167,2025-06-14,H1139,Sistem Informasi,2024,72,0,Ruang Diskusi,5.0
K100168,2025-02-06,H1049,Teknik Informatika,2023,84,0,Ruang Diskusi,3.5
K100169,2025-06-12,H1160,Bisnis Digital,2024,31,0,Ruang Baca,4.6
K100170,2025-03-07,H1003,Teknik Informatika,2024,76,3,Ruang Baca,2.8
K100171,2025-05-06,H1013,Teknik Informatika,2023,156,1,Lab Komputer,4.0
K100172,2025-04-08,H1015,Teknik Informatika,2024,57,2,Lab Komputer,3.2
K100173,2025-03-29,H1185,Sistem Informasi,2024,17,0,Ruang Baca,4.3
K100174,2025-02-17,H1071,Teknik Informatika,2024,97,3,Ruang Baca,4.4
K100175,2025-06-28,H1125,Teknik Informatika,2022,113,1,Ruang Baca,2.2
K100176,2025-03-28,H1006,Teknik Informatika,2024,116,0,Ruang Baca,3.8
K100177,2025-05-20,H1044,Teknik Informatika,2022,17,2,Ruang Baca,3.5
K100178,2025-06-27,H1198,Teknik Informatika,2024,81,1,Ruang Baca,4.5
K100179,2025-05-07,H1117,Bisnis Digital,2022,68,0,Lab Komputer,4.4
K100180,2025-03-05,H1062,Sistem Informasi,2024,88,4,Ruang Diskusi,4.2
K100181,2025-05-24,H1067,Teknik Informatika,2024,22,1,Ruang Baca,4.3
K100182,2025-05-05,H1098,Sistem Informasi,2022,37,2,Ruang Baca,3.9
K100183,2025-02-01,H1094,Sistem Informasi,2025,25,1,Ruang Diskusi,3.7
K100184,2025-06-26,H1054,Teknik Informatika,2023,52,2,Lab Komputer,3.8
K100185,2025-06-25,H1049,Sistem Informasi,2022,101,2,Ruang Baca,4.2
K100186,2025-04-25,H1102,Sistem Informasi,2024,92,0,Ruang Baca,4.3
K100187,2025-06-02,H1034,Teknik Informatika,2024,8,1,Lab Komputer,4.1
K100188,2025-02-23,H1090,Teknik Informatika,2024,32,2,Ruang Baca,4.6
K100189,2025-06-27,H1056,Bisnis Digital,2023,43,0,Lab Komputer,4.2
K100190,2025-03-26,H1129,Teknik Informatika,2024,20,0,Ruang Baca,3.3
K100191,2025-06-22,H1009,Teknik Informatika,2022,53,0,Lab Komputer,5.0
K100192,2025-02-20,H1181,Teknik Informatika,2022,55,2,Ruang Diskusi,3.9
K100193,2025-06-12,H1179,Teknik Informatika,2025,31,0,Ruang Diskusi,3.5
K100194,2025-02-02,H1017,Teknik Informatika,2023,40,2,Ruang Baca,5.0
K100195,2025-02-09,H1057,Teknik Informatika,2024,105,1,Ruang Diskusi,4.0
K100196,2025-04-15,H1000,Sistem Informasi,2025,65,2,Ruang Diskusi,4.6
K100197,2025-02-17,H1193,Bisnis Digital,2023,46,0,Ruang Diskusi,4.2
K100198,2025-03-01,H1118,Sistem Informasi,2024,115,0,Ruang Baca,4.7
K100199,2025-06-11,H1197,Sistem Informasi,2023,135,1,Ruang Baca,2.8
K100200,2025-03-25,H1071,Teknik Informatika,2022,112,2,Ruang Diskusi,3.8
K100201,2025-06-19,H1127,Teknik Informatika,2024,69,0,Ruang Baca,3.5
K100202,2025-05-17,H1098,Teknik Informatika,2022,38,2,Ruang Baca,4.7
K100203,2025-04-04,H1085,Sistem Informasi,2024,100,3,Ruang Baca,3.6
K100204,2025-06-01,H1092,Teknik Informatika,2024,114,0,Ruang Diskusi,4.6
K100205,2025-04-21,H1141,Teknik Informatika,2023,77,0,Ruang Baca,2.8
K100206,2025-04-02,H1195,Sistem Informasi,2023,89,4,Ruang Diskusi,3.9
K100207,2025-02-08,H1049,Bisnis Digital,2023,55,2,Ruang Baca,3.5
K100208,2025-04-03,H1020,Teknik Informatika,2023,94,0,Ruang Diskusi,2.9
K100209,2025-04-12,H1059,Sistem Informasi,2022,78,2,Lab Komputer,3.8
K100210,2025-03-26,H1156,Bisnis Digital,2025,48,0,Lab Komputer,3.9
K100211,2025-04-07,H1105,Teknik Informatika,2023,75,1,Ruang Baca,4.3
K100212,2025-02-19,H1171,Sistem Informasi,2024,5,0,Ruang Diskusi,3.4
K100213,2025-04-05,H1071,Sistem Informasi,2024,80,0,Ruang Diskusi,4.1
K100214,2025-06-11,H1086,Teknik Informatika,2024,5,2,Ruang Diskusi,2.9
K100215,2025-04-15,H1180,Teknik Informatika,2024,55,1,Ruang Baca,2.8
K100216,2025-06-02,H1093,Teknik Informatika,2025,82,2,Ruang Baca,3.7
K100217,2025-03-28,H1133,Sistem Informasi,2023,39,2,Lab Komputer,4.1
K100218,2025-06-20,H1093,Bisnis Digital,2024,155,1,Ruang Baca,3.4
K100219,2025-04-23,H1046,Sistem Informasi,2024,153,2,Lab Komputer,3.7
K100220,2025-04-12,H1155,Teknik Informatika,2022,28,2,Lab Komputer,4.4
K100221,2025-05-13,H1109,Teknik Informatika,2023,10,2,Ruang Diskusi,4.2
K100222,2025-02-17,H1099,Sistem Informasi,2022,59,1,Ruang Diskusi,5.0
K100223,2025-05-04,H1186,Teknik Informatika,2024,110,1,Ruang Diskusi,4.7
K100224,2025-03-01,H1084,Teknik Informatika,2025,106,1,Ruang Diskusi,2.8
K100225,2025-04-01,H1025,Teknik Informatika,2024,41,1,Ruang Diskusi,3.8
K100226,2025-03-03,H1136,Teknik Informatika,2023,47,1,Ruang Baca,3.7
K100227,2025-04-19,H1132,Teknik Informatika,2023,71,1,Ruang Baca,3.7
K100228,2025-03-01,H1182,Teknik Informatika,2022,74,0,Ruang Baca,3.7
K100229,2025-05-03,H1043,Bisnis Digital,2025,93,1,Ruang Baca,3.4
K100230,2025-03-07,H1189,Sistem Informasi,2022,5,0,Ruang Baca,3.8
K100231,2025-04-23,H1137,Teknik Informatika,2024,32,1,Ruang Diskusi,4.2
K100232,2025-06-15,H1152,Teknik Informatika,2025,91,0,Ruang Diskusi,4.0
K100233,2025-05-05,H1019,Bisnis Digital,2022,90,0,Ruang Baca,2.9
K100234,2025-03-30,H1133,Sistem Informasi,2023,103,1,Ruang Baca,4.1
K100235,2025-06-06,H1052,Bisnis Digital,2024,58,0,Ruang Diskusi,4.0
K100236,2025-02-08,H1056,Teknik Informatika,2024,72,2,Lab Komputer,5.0
K100237,2025-06-30,H1046,Teknik Informatika,2024,69,1,Ruang Baca,3.0
K100238,2025-05-16,H1103,Sistem Informasi,2024,90,0,Ruang Diskusi,4.3
K100239,2025-05-25,H1044,Sistem Informasi,2023,59,0,Ruang Baca,3.8
K100240,2025-02-25,H1090,Sistem Informasi,2025,5,2,Lab Komputer,3.7
K100241,2025-06-23,H1138,Teknik Informatika,2024,92,1,Ruang Baca,4.6
K100242,2025-04-18,H1043,Sistem Informasi,2024,95,2,Ruang Diskusi,4.5
K100243,2025-05-28,H1058,Bisnis Digital,2023,62,2,Lab Komputer,4.3
K100244,2025-04-30,H1115,Sistem Informasi,2023,114,2,Ruang Diskusi,4.5
K100245,2025-06-18,H1135,Teknik Informatika,2023,104,1,Lab Komputer,4.9
K100246,2025-05-06,H1124,Sistem Informasi,2023,104,2,Ruang Baca,3.6
K100247,2025-04-05,H1174,Sistem Informasi,2024,26,1,Ruang Diskusi,3.0
K100248,2025-04-04,H1191,Teknik Informatika,2022,57,1,Lab Komputer,2.7
K100249,2025-04-28,H1060,Teknik Informatika,2022,67,4,Ruang Baca,2.7
K100250,2025-04-12,H1156,Bisnis Digital,2024,32,0,Lab Komputer,3.9
K100251,2025-06-23,H1009,Sistem Informasi,2023,48,3,Lab Komputer,3.3
K100252,2025-03-29,H1034,Teknik Informatika,2023,55,2,Ruang Baca,2.9
K100253,2025-05-14,H1008,Sistem Informasi,2022,106,2,Ruang Diskusi,3.6
K100254,2025-05-07,H1117,Sistem Informasi,2024,102,2,Ruang Baca,
K100255,2025-06-27,H1044,Teknik Informatika,2022,111,0,Ruang Diskusi,4.1
K100256,2025-06-03,H1032,Teknik Informatika,2022,17,2,Ruang Diskusi,4.4
K100257,2025-04-13,H1023,Teknik Informatika,2022,36,1,Ruang Diskusi,4.4
K100258,2025-02-27,H1023,Sistem Informasi,2024,110,1,Lab Komputer,3.4
K100259,2025-04-14,H1191,Bisnis Digital,2024,96,4,Ruang Baca,4.5
K100260,2025-05-16,H1124,Sistem Informasi,2023,108,3,Ruang Baca,3.6
K100261,2025-02-17,H1002,Teknik Informatika,2025,121,3,Ruang Baca,4.2
K100262,2025-04-26,H1138,Sistem Informasi,2024,65,0,Ruang Diskusi,4.8
K100263,2025-03-17,H1142,Teknik Informatika,2022,28,4,Ruang Diskusi,3.4
K100264,2025-02-06,H1192,Sistem Informasi,2023,114,1,Ruang Diskusi,4.0
K100265,2025-06-28,H1184,Bisnis Digital,2022,57,2,Lab Komputer,4.4
K100266,2025-05-30,H1008,Teknik Informatika,2023,98,0,Ruang Diskusi,4.8
K100267,2025-03-19,H1144,Bisnis Digital,2025,92,0,Ruang Diskusi,2.9
K100268,2025-04-14,H1008,Bisnis Digital,2023,33,2,Ruang Baca,3.3
K100269,2025-05-07,H1173,Teknik Informatika,2022,24,2,Ruang Baca,5.0
K100270,2025-04-29,H1119,Sistem Informasi,2023,115,2,Ruang Baca,3.5
K100271,2025-03-11,H1055,Bisnis Digital,2024,93,0,Ruang Diskusi,4.7
K100272,2025-06-03,H1054,Teknik Informatika,2025,41,0,Ruang Diskusi,4.4
K100273,2025-06-22,H1105,Sistem Informasi,2023,42,0,Lab Komputer,4.1
K100274,2025-04-29,H1144,Sistem Informasi,2024,49,0,Ruang Diskusi,3.6
K100275,2025-03-18,H1140,Teknik Informatika,2025,98,0,Ruang Baca,
K100276,2025-03-26,H1123,Sistem Informasi,2024,119,1,Ruang Baca,4.4
K100277,2025-05-15,H1122,Sistem Informasi,2022,121,1,Ruang Diskusi,3.8
K100278,2025-03-22,H1025,Sistem Informasi,2025,120,2,Ruang Diskusi,3.9
K100279,2025-03-09,H1048,Teknik Informatika,2024,35,1,Ruang Diskusi,4.6
K100280,2025-04-05,H1026,Sistem Informasi,2023,71,0,Ruang Baca,4.9
K100281,2025-04-15,H1043,Teknik Informatika,2022,31,2,Lab Komputer,3.9
K100282,2025-02-05,H1047,Bisnis Digital,2023,132,1,Ruang Baca,4.7
K100283,2025-04-26,H1177,Bisnis Digital,2024,184,1,Ruang Baca,5.0
K100284,2025-03-07,H1016,Bisnis Digital,2024,118,0,Ruang Diskusi,
K100285,2025-04-11,H1185,Teknik Informatika,2023,77,1,Ruang Baca,3.7
K100286,2025-02-25,H1158,Teknik Informatika,2025,93,2,Lab Komputer,3.1
K100287,2025-06-02,H1120,Teknik Informatika,2025,75,2,Ruang Baca,3.5
K100288,2025-05-04,H1076,Teknik Informatika,2025,66,1,Ruang Diskusi,4.7
K100289,2025-04-25,H1174,Sistem Informasi,2022,61,1,Lab Komputer,3.6
K100290,2025-03-31,H1194,Bisnis Digital,2023,32,4,Ruang Baca,4.7
K100291,2025-04-13,H1104,Teknik Informatika,2025,139,2,Lab Komputer,4.8
K100292,2025-05-25,H1180,Teknik Informatika,2024,94,0,Ruang Diskusi,3.6
K100293,2025-06-25,H1080,Sistem Informasi,2024,80,2,Ruang Baca,4.6
K100294,2025-04-02,H1088,Teknik Informatika,2024,46,0,Ruang Baca,3.9
K100295,2025-04-21,H1179,Sistem Informasi,2022,5,3,Ruang Baca,3.0
K100296,2025-03-06,H1113,Bisnis Digital,2024,68,2,Lab Komputer,3.2
K100297,2025-03-25,H1067,Sistem Informasi,2025,63,1,Ruang Diskusi,5.0
K100298,2025-02-18,H1156,Sistem Informasi,2025,41,1,Ruang Baca,4.3
K100299,2025-03-16,H1081,Teknik Informatika,2025,87,0,Ruang Diskusi,
K100300,2025-06-21,H1070,Bisnis Digital,2025,73,0,Lab Komputer,3.7
K100301,2025-04-16,H1051,Bisnis Digital,2024,32,3,Ruang Diskusi,3.7
K100302,2025-06-17,H1111,Sistem Informasi,2025,101,1,Ruang Baca,
K100303,2025-06-01,H1075,Bisnis Digital,2023,38,0,Ruang Baca,3.6
K100304,2025-04-04,H1009,Teknik Informatika,2024,30,0,Ruang Baca,3.5
K100305,2025-04-04,H1178,Bisnis Digital,2023,69,1,Lab Komputer,3.4
K100306,2025-04-06,H1084,Bisnis Digital,2022,83,0,Ruang Diskusi,4.5
K100307,2025-03-20,H1140,Sistem Informasi,2024,45,4,Ruang Diskusi,2.3
K100308,2025-03-02,H1192,Sistem Informasi,2022,102,0,Ruang Diskusi,3.7
K100309,2025-03-29,H1144,Teknik Informatika,2022,49,2,Ruang Diskusi,
K100310,2025-06-09,H1012,Teknik Informatika,2023,65,0,Ruang Baca,4.1
K100311,2025-03-27,H1084,Teknik Informatika,2023,87,2,Ruang Diskusi,5.0
K100312,2025-02-25,H1098,Bisnis Digital,2023,98,0,Ruang Diskusi,3.1
K100313,2025-03-20,H1111,Teknik Informatika,2025,62,4,Ruang Baca,4.5
K100314,2025-02-28,H1018,Sistem Informasi,2022,56,0,Ruang Baca,5.0
K100315,2025-02-04,H1129,Sistem Informasi,2022,152,1,Ruang Baca,3.8
K100316,2025-02-21,H1105,Bisnis Digital,2023,106,1,Lab Komputer,3.4
K100317,2025-02-28,H1165,Sistem Informasi,2025,5,1,Ruang Diskusi,4.4
K100318,2025-02-02,H1178,Bisnis Digital,2024,117,3,Ruang Baca,3.3
K100319,2025-04-29,H1104,Bisnis Digital,2023,60,1,Ruang Baca,4.3
K100320,2025-02-10,H1155,Teknik Informatika,2024,77,1,Ruang Baca,4.3
K100321,2025-05-11,H1177,Teknik Informatika,2022,66,0,Ruang Baca,4.7
K100322,2025-05-22,H1195,Sistem Informasi,2025,77,2,Ruang Baca,3.6
K100323,2025-05-08,H1072,Teknik Informatika,2023,78,1,Ruang Diskusi,3.0
K100324,2025-06-14,H1029,Teknik Informatika,2023,66,3,Lab Komputer,4.7
K100325,2025-02-15,H1108,Bisnis Digital,2024,117,2,Ruang Diskusi,3.9
K100326,2025-05-23,H1182,Sistem Informasi,2023,139,1,Ruang Diskusi,3.3
K100327,2025-06-04,H1065,Sistem Informasi,2022,91,0,Ruang Baca,5.0
K100328,2025-03-09,H1010,Teknik Informatika,2024,77,1,Ruang Baca,4.2
K100329,2025-03-13,H1128,Sistem Informasi,2022,45,0,Ruang Baca,4.7
K100330,2025-05-14,H1069,Teknik Informatika,2023,69,0,Ruang Baca,4.8
K100331,2025-02-10,H1050,Teknik Informatika,2024,44,1,Lab Komputer,5.0
K100332,2025-05-02,H1025,Teknik Informatika,2025,42,0,Ruang Diskusi,5.0
K100333,2025-03-07,H1198,Bisnis Digital,2025,31,1,Lab Komputer,4.2
K100334,2025-05-21,H1033,Bisnis Digital,2024,69,1,Ruang Baca,4.2
K100335,2025-05-28,H1190,Sistem Informasi,2022,114,0,Ruang Baca,4.1
K100336,2025-04-26,H1162,Sistem Informasi,2023,37,2,Ruang Baca,4.3
K100337,2025-03-10,H1080,Teknik Informatika,2025,112,2,Ruang Baca,4.2
K100338,2025-06-05,H1105,Teknik Informatika,2024,87,1,Ruang Baca,3.7
K100339,2025-04-13,H1165,Sistem Informasi,2024,52,2,Ruang Baca,3.7
K100340,2025-04-19,H1008,Teknik Informatika,2022,83,1,Ruang Baca,5.0
K100341,2025-04-11,H1124,Teknik Informatika,2023,75,1,Lab Komputer,3.9
K100342,2025-06-13,H1043,Bisnis Digital,2023,73,1,Ruang Baca,4.2
K100343,2025-02-26,H1027,Teknik Informatika,2023,83,0,Ruang Baca,3.8
K100344,2025-05-01,H1156,Teknik Informatika,2022,45,0,Ruang Baca,3.5
K100345,2025-03-10,H1152,Teknik Informatika,2023,28,3,Lab Komputer,4.3
K100346,2025-05-17,H1151,Sistem Informasi,2022,134,1,Ruang Baca,4.1
K100347,2025-02-25,H1008,Teknik Informatika,2022,112,3,Ruang Diskusi,3.2
K100348,2025-02-24,H1197,Bisnis Digital,2022,70,0,Ruang Baca,4.8
K100349,2025-05-20,H1186,Bisnis Digital,2022,84,0,Ruang Baca,4.8
K100350,2025-02-24,H1050,Bisnis Digital,2024,23,0,Ruang Diskusi,4.4
K100351,2025-04-19,H1011,Teknik Informatika,2023,44,0,Ruang Baca,3.8
K100352,2025-03-14,H1085,Teknik Informatika,2024,47,2,Ruang Diskusi,3.8
K100353,2025-05-15,H1116,Teknik Informatika,2025,73,1,Ruang Diskusi,3.7
K100354,2025-02-08,H1009,Bisnis Digital,2023,39,2,Ruang Baca,4.5
K100355,2025-05-22,H1051,Teknik Informatika,2022,97,4,Ruang Baca,3.4
K100356,2025-02-09,H1154,Teknik Informatika,2025,29,0,Ruang Diskusi,4.2
K100357,2025-04-19,H1155,Teknik Informatika,2022,22,1,Lab Komputer,3.8
K100358,2025-02-05,H1153,Teknik Informatika,2024,40,2,Ruang Baca,4.0
K100359,2025-04-19,H1120,Bisnis Digital,2023,5,1,Ruang Baca,3.4
K100360,2025-03-18,H1118,Bisnis Digital,2023,114,1,Lab Komputer,3.8
K100361,2025-04-06,H1004,Bisnis Digital,2022,84,2,Ruang Baca,4.6
K100362,2025-05-30,H1010,Sistem Informasi,2023,102,3,Ruang Baca,5.0
K100363,2025-02-16,H1157,Teknik Informatika,2024,121,0,Ruang Diskusi,3.9
K100364,2025-05-16,H1087,Bisnis Digital,2022,110,1,Lab Komputer,5.0
K100365,2025-04-28,H1059,Sistem Informasi,2024,120,0,Ruang Baca,3.4
K100366,2025-06-08,H1142,Teknik Informatika,2023,122,2,Lab Komputer,3.7
K100367,2025-05-21,H1136,Teknik Informatika,2023,90,1,Ruang Diskusi,3.1
K100368,2025-03-23,H1187,Teknik Informatika,2025,63,0,Ruang Baca,3.1
K100369,2025-06-10,H1047,Teknik Informatika,2025,99,1,Ruang Baca,3.5
K100370,2025-03-08,H1153,Sistem Informasi,2025,76,0,Lab Komputer,3.3
K100371,2025-02-14,H1066,Teknik Informatika,2023,44,0,Ruang Baca,4.1
K100372,2025-05-07,H1166,Teknik Informatika,2025,63,1,Ruang Baca,5.0
K100373,2025-05-28,H1100,Sistem Informasi,2023,97,1,Ruang Baca,2.6
K100374,2025-03-24,H1074,Teknik Informatika,2024,78,0,Ruang Baca,3.2
K100375,2025-05-12,H1032,Sistem Informasi,2024,51,2,Ruang Baca,2.5
K100376,2025-05-28,H1040,Sistem Informasi,2024,127,1,Ruang Baca,4.3
K100377,2025-02-28,H1043,Sistem Informasi,2023,46,1,Ruang Baca,3.0
K100378,2025-04-26,H1004,Sistem Informasi,2023,78,2,Lab Komputer,3.3
K100379,2025-04-04,H1095,Sistem Informasi,2024,63,1,Ruang Baca,3.3
K100380,2025-04-08,H1050,Bisnis Digital,2023,87,3,Lab Komputer,3.4
K100381,2025-04-18,H1060,Teknik Informatika,2024,45,1,Ruang Baca,4.3
K100382,2025-05-01,H1197,Bisnis Digital,2024,99,1,Ruang Diskusi,4.8
K100383,2025-05-21,H1008,Sistem Informasi,2023,70,0,Ruang Baca,4.3
K100384,2025-02-18,H1180,Sistem Informasi,2022,31,2,Ruang Diskusi,3.6
K100385,2025-02-09,H1009,Bisnis Digital,2024,40,0,Ruang Baca,3.6
K100386,2025-02-15,H1199,Teknik Informatika,2024,32,1,Lab Komputer,2.8
K100387,2025-05-15,H1179,Bisnis Digital,2025,31,1,Ruang Diskusi,3.7
K100388,2025-06-17,H1080,Bisnis Digital,2023,92,0,Ruang Baca,4.2
K100389,2025-03-16,H1001,Sistem Informasi,2022,37,2,Lab Komputer,3.2
K100390,2025-06-09,H1042,Teknik Informatika,2023,104,0,Ruang Baca,3.6
K100391,2025-04-29,H1088,Teknik Informatika,2024,70,0,Ruang Baca,4.1
K100392,2025-04-30,H1175,Teknik Informatika,2023,88,0,Ruang Baca,4.6
K100393,2025-05-09,H1153,Bisnis Digital,2024,120,2,Ruang Diskusi,3.4
K100394,2025-02-07,H1030,Sistem Informasi,2024,74,1,Ruang Diskusi,4.8
K100395,2025-03-01,H1022,Teknik Informatika,2022,57,1,Ruang Diskusi,4.9
K100396,2025-03-24,H1063,Sistem Informasi,2024,78,0,Lab Komputer,5.0
K100397,2025-05-13,H1176,Teknik Informatika,2025,117,2,Ruang Baca,3.5
K100398,2025-06-20,H1009,Sistem Informasi,2024,64,1,Ruang Baca,4.8
K100399,2025-03-21,H1125,Teknik Informatika,2022,53,1,Ruang Baca,3.2
K100400,2025-02-14,H1178,Sistem Informasi,2024,78,3,Ruang Baca,5.0
K100401,2025-06-19,H1069,Sistem Informasi,2022,60,0,Ruang Baca,3.4
K100402,2025-04-18,H1037,Bisnis Digital,2023,102,2,Lab Komputer,5.0
K100403,2025-03-08,H1145,Teknik Informatika,2023,45,0,Ruang Baca,3.2
K100404,2025-04-28,H1108,Sistem Informasi,2022,78,1,Ruang Baca,3.6
K100405,2025-05-15,H1092,Sistem Informasi,2025,95,1,Ruang Baca,5.0
K100406,2025-04-30,H1041,Teknik Informatika,2022,113,0,Ruang Diskusi,4.3
K100407,2025-05-31,H1137,Teknik Informatika,2023,77,2,Ruang Baca,3.3
K100408,2025-02-25,H1197,Teknik Informatika,2024,9,1,Ruang Diskusi,4.1
K100409,2025-03-14,H1068,Bisnis Digital,2023,10,4,Ruang Diskusi,3.3
K100410,2025-06-19,H1190,Sistem Informasi,2022,25,1,Ruang Diskusi,3.7
K100411,2025-05-24,H1057,Sistem Informasi,2022,76,4,Ruang Diskusi,3.5
K100412,2025-05-01,H1074,Teknik Informatika,2023,60,1,Ruang Baca,3.8
K100413,2025-03-08,H1151,Teknik Informatika,2023,124,4,Ruang Diskusi,3.4
K100414,2025-06-09,H1079,Teknik Informatika,2024,30,0,Ruang Baca,3.6
K100415,2025-02-27,H1174,Teknik Informatika,2023,95,0,Lab Komputer,4.8
K100416,2025-04-19,H1199,Teknik Informatika,2022,98,0,Lab Komputer,3.8
K100417,2025-03-09,H1119,Teknik Informatika,2022,99,0,Ruang Baca,3.4
K100418,2025-04-09,H1182,Bisnis Digital,2025,72,1,Ruang Baca,4.3
K100419,2025-05-12,H1183,Teknik Informatika,2025,7,1,Ruang Baca,3.6
K100420,2025-04-02,H1082,Teknik Informatika,2023,63,3,Lab Komputer,
K100421,2025-03-11,H1090,Teknik Informatika,2025,101,1,Ruang Baca,5.0
K100422,2025-02-09,H1158,Teknik Informatika,2024,11,2,Ruang Diskusi,3.2
K100423,2025-02-04,H1085,Sistem Informasi,2022,43,2,Ruang Diskusi,3.9
K100424,2025-05-27,H1137,Teknik Informatika,2025,55,0,Ruang Diskusi,3.0
K100425,2025-06-01,H1122,Teknik Informatika,2024,71,0,Ruang Baca,
K100426,2025-04-22,H1152,Bisnis Digital,2023,93,1,Ruang Baca,4.9
K100427,2025-04-25,H1075,Sistem Informasi,2023,58,0,Lab Komputer,5.0
K100428,2025-05-31,H1183,Sistem Informasi,2022,15,0,Ruang Diskusi,3.1
K100429,2025-05-17,H1054,Teknik Informatika,2022,64,2,Ruang Diskusi,3.8
K100430,2025-06-29,H1028,Sistem Informasi,2022,21,1,Ruang Baca,3.7
K100431,2025-05-06,H1070,Teknik Informatika,2023,72,0,Lab Komputer,3.2
K100432,2025-04-16,H1194,Teknik Informatika,2023,25,2,Ruang Baca,3.6
K100433,2025-04-05,H1157,Teknik Informatika,2023,5,0,Ruang Diskusi,3.8
K100434,2025-04-10,H1065,Teknik Informatika,2022,27,1,Ruang Baca,4.8
K100435,2025-05-19,H1036,Bisnis Digital,2023,59,0,Lab Komputer,4.2
K100436,2025-06-03,H1097,Teknik Informatika,2025,43,1,Ruang Diskusi,
K100437,2025-03-22,H1084,Sistem Informasi,2024,15,0,Ruang Baca,
K100438,2025-03-30,H1143,Teknik Informatika,2022,64,0,Lab Komputer,4.3
K100439,2025-05-27,H1128,Sistem Informasi,2022,105,1,Lab Komputer,3.8
K100440,2025-05-17,H1185,Sistem Informasi,2024,115,0,Ruang Baca,4.8
K100441,2025-02-26,H1065,Teknik Informatika,2024,148,0,Ruang Diskusi,4.8
K100442,2025-05-03,H1081,Teknik Informatika,2025,57,1,Lab Komputer,4.8
K100443,2025-04-07,H1112,Sistem Informasi,2023,71,0,Ruang Baca,2.7
K100444,2025-05-05,H1057,Sistem Informasi,2022,72,0,Ruang Baca,4.2
K100445,2025-02-21,H1113,Teknik Informatika,2024,47,3,Ruang Diskusi,3.9
K100446,2025-04-22,H1096,Teknik Informatika,2022,65,0,Ruang Diskusi,4.5
K100447,2025-03-22,H1032,Teknik Informatika,2023,40,3,Ruang Diskusi,4.5
K100448,2025-02-11,H1101,Teknik Informatika,2022,77,2,Lab Komputer,4.4
K100449,2025-03-06,H1062,Teknik Informatika,2025,68,0,Lab Komputer,4.1
K100450,2025-06-18,H1110,Sistem Informasi,2024,54,2,Ruang Diskusi,4.2
K100451,2025-03-06,H1104,Teknik Informatika,2022,80,0,Ruang Baca,
K100452,2025-02-13,H1169,Sistem Informasi,2023,69,1,Ruang Baca,4.6
K100453,2025-02-01,H1174,Sistem Informasi,2024,61,0,Ruang Baca,3.1
K100454,2025-02-16,H1184,Teknik Informatika,2022,35,2,Ruang Diskusi,3.9
K100455,2025-03-14,H1171,Teknik Informatika,2025,64,1,Ruang Diskusi,4.1
K100456,2025-06-23,H1135,Bisnis Digital,2024,52,0,Ruang Diskusi,4.2
K100457,2025-03-23,H1098,Sistem Informasi,2022,35,0,Ruang Baca,2.7
K100458,2025-06-30,H1120,Bisnis Digital,2024,74,0,Lab Komputer,4.3
K100459,2025-04-09,H1071,Teknik Informatika,2023,93,1,Ruang Baca,4.5
K100460,2025-06-18,H1007,Sistem Informasi,2025,130,1,Ruang Baca,4.2
K100461,2025-04-12,H1037,Teknik Informatika,2022,87,1,Ruang Diskusi,4.3
K100462,2025-04-30,H1020,Teknik Informatika,2023,30,2,Ruang Baca,4.2
K100463,2025-02-14,H1123,Teknik Informatika,2025,68,0,Ruang Baca,4.4
K100464,2025-06-13,H1145,Teknik Informatika,2024,42,1,Ruang Baca,3.6
K100465,2025-06-12,H1183,Teknik Informatika,2025,54,1,Ruang Diskusi,5.0
K100466,2025-06-19,H1071,Bisnis Digital,2023,62,0,Lab Komputer,3.1
K100467,2025-06-19,H1089,Teknik Informatika,2022,61,0,Lab Komputer,4.1
K100468,2025-02-02,H1012,Teknik Informatika,2023,88,0,Ruang Diskusi,4.1
K100469,2025-05-29,H1050,Teknik Informatika,2024,73,1,Ruang Diskusi,4.4
K100470,2025-04-29,H1038,Teknik Informatika,2023,147,2,Ruang Diskusi,4.2
K100471,2025-03-29,H1175,Bisnis Digital,2024,100,2,Ruang Diskusi,4.4
K100472,2025-05-20,H1008,Bisnis Digital,2025,79,0,Ruang Diskusi,3.8
K100473,2025-05-06,H1083,Teknik Informatika,2023,69,0,Ruang Baca,4.4
K100474,2025-03-17,H1059,Bisnis Digital,2023,79,1,Lab Komputer,4.7
K100475,2025-06-30,H1189,Sistem Informasi,2022,60,2,Ruang Baca,2.7
K100476,2025-02-15,H1164,Teknik Informatika,2024,35,2,Lab Komputer,3.6
K100477,2025-02-25,H1142,Sistem Informasi,2025,83,1,Lab Komputer,2.8
K100478,2025-04-21,H1173,Teknik Informatika,2025,84,0,Ruang Baca,4.9
K100479,2025-02-12,H1033,Teknik Informatika,2023,95,0,Ruang Diskusi,4.4
K100480,2025-05-21,H1044,Sistem Informasi,2025,30,2,Lab Komputer,5.0
K100481,2025-04-27,H1169,Sistem Informasi,2023,77,0,Ruang Baca,4.0
K100482,2025-02-28,H1180,Teknik Informatika,2024,120,1,Ruang Baca,3.3
K100483,2025-06-04,H1082,Sistem Informasi,2023,79,1,Ruang Diskusi,4.0
K100484,2025-02-13,H1049,Bisnis Digital,2022,112,0,Ruang Diskusi,3.9
K100485,2025-05-14,H1193,Sistem Informasi,2023,42,0,Ruang Baca,4.7
K100486,2025-04-18,H1138,Bisnis Digital,2024,57,1,Ruang Diskusi,4.4
K100487,2025-03-08,H1114,Teknik Informatika,2023,45,0,Lab Komputer,3.7
K100488,2025-04-25,H1040,Sistem Informasi,2024,98,1,Ruang Diskusi,3.4
K100489,2025-06-09,H1089,Sistem Informasi,2022,141,1,Ruang Baca,4.0
K100490,2025-06-08,H1093,Sistem Informasi,2023,64,0,Ruang Diskusi,4.1
K100491,2025-06-21,H1099,Teknik Informatika,2024,119,1,Ruang Baca,3.4
K100492,2025-03-23,H1197,Bisnis Digital,2024,86,1,Ruang Diskusi,4.3
K100493,2025-04-11,H1030,Teknik Informatika,2023,139,0,Ruang Baca,4.8
K100494,2025-06-27,H1080,Sistem Informasi,2023,49,1,Ruang Diskusi,4.1
K100495,2025-05-07,H1064,Bisnis Digital,2023,79,2,Ruang Diskusi,4.1
K100496,2025-05-29,H1190,Sistem Informasi,2025,51,0,Ruang Diskusi,4.0
K100497,2025-06-17,H1031,Bisnis Digital,2025,62,0,Ruang Baca,4.5
K100498,2025-03-20,H1191,Teknik Informatika,2024,142,0,Lab Komputer,4.5
K100499,2025-05-31,H1080,Sistem Informasi,2024,101,1,Ruang Baca,3.7
K100500,2025-05-27,H1141,Sistem Informasi,2024,102,1,Ruang Diskusi,4.1
K100501,2025-03-23,H1144,Sistem Informasi,2023,33,1,Ruang Baca,3.7
K100502,2025-04-20,H1126,Bisnis Digital,2023,92,1,Ruang Diskusi,2.3
K100503,2025-02-21,H1022,Sistem Informasi,2023,29,2,Lab Komputer,3.3
K100504,2025-03-13,H1022,Sistem Informasi,2022,106,0,Ruang Diskusi,4.6
K100505,2025-05-17,H1158,Bisnis Digital,2025,80,1,Ruang Baca,4.8
K100506,2025-03-14,H1164,Sistem Informasi,2024,10,0,Ruang Baca,3.8
K100507,2025-03-07,H1024,Teknik Informatika,2024,59,0,Ruang Diskusi,4.9
K100508,2025-04-11,H1047,Sistem Informasi,2023,78,3,Ruang Diskusi,3.9
K100509,2025-06-21,H1049,Sistem Informasi,2024,72,1,Ruang Baca,5.0
K100510,2025-05-16,H1038,Teknik Informatika,2023,90,1,Ruang Baca,4.1
K100511,2025-05-11,H1061,Sistem Informasi,2023,67,0,Ruang Baca,4.6
K100512,2025-04-01,H1186,Teknik Informatika,2025,95,1,Lab Komputer,3.6
K100513,2025-02-19,H1128,Teknik Informatika,2024,135,0,Lab Komputer,3.1
K100514,2025-06-10,H1161,Sistem Informasi,2022,30,2,Lab Komputer,3.3
K100515,2025-06-13,H1032,Teknik Informatika,2025,73,1,Lab Komputer,4.2
K100516,2025-03-23,H1179,Teknik Informatika,2023,51,2,Ruang Diskusi,4.8
K100517,2025-03-17,H1022,Teknik Informatika,2023,68,1,Ruang Diskusi,3.6
K100518,2025-02-17,H1153,Teknik Informatika,2023,85,2,Ruang Diskusi,3.3
K100519,2025-02-08,H1198,Sistem Informasi,2023,92,2,Ruang Diskusi,3.7
K100520,2025-05-01,H1193,Teknik Informatika,2022,77,1,Ruang Diskusi,4.0
K100521,2025-02-01,H1035,Bisnis Digital,2022,65,1,Lab Komputer,3.4
K100522,2025-05-10,H1166,Bisnis Digital,2024,67,0,Ruang Baca,4.5
K100523,2025-03-16,H1178,Teknik Informatika,2025,102,1,Ruang Baca,3.8
K100524,2025-06-23,H1104,Sistem Informasi,2025,124,0,Ruang Diskusi,4.1
K100525,2025-05-10,H1147,Teknik Informatika,2022,81,0,Ruang Baca,4.3
K100526,2025-04-19,H1149,Teknik Informatika,2025,133,2,Ruang Baca,3.6
K100527,2025-04-17,H1087,Teknik Informatika,2022,146,2,Ruang Baca,3.9
K100528,2025-05-31,H1048,Sistem Informasi,2022,60,1,Lab Komputer,3.2
K100529,2025-02-06,H1025,Teknik Informatika,2025,83,1,Ruang Baca,
K100530,2025-05-04,H1147,Teknik Informatika,2024,130,1,Ruang Baca,3.9
K100531,2025-02-04,H1096,Teknik Informatika,2024,91,3,Ruang Baca,3.8
K100532,2025-02-16,H1152,Teknik Informatika,2025,69,0,Ruang Diskusi,4.7
K100533,2025-05-18,H1020,Teknik Informatika,2024,177,0,Ruang Diskusi,
K100534,2025-04-29,H1156,Bisnis Digital,2025,84,1,Ruang Baca,4.1
K100535,2025-02-23,H1196,Teknik Informatika,2025,62,3,Ruang Diskusi,3.8
K100536,2025-03-16,H1102,Bisnis Digital,2023,15,0,Ruang Diskusi,4.4
K100537,2025-02-27,H1122,Teknik Informatika,2024,96,3,Ruang Baca,3.4
K100538,2025-05-01,H1165,Sistem Informasi,2024,65,2,Ruang Baca,3.8
K100539,2025-03-25,H1043,Sistem Informasi,2025,79,0,Ruang Baca,3.8
K100540,2025-03-12,H1163,Bisnis Digital,2023,98,2,Ruang Diskusi,4.1
K100541,2025-03-18,H1176,Sistem Informasi,2024,122,0,Ruang Baca,3.3
K100542,2025-04-15,H1064,Teknik Informatika,2025,166,0,Ruang Baca,3.7
K100543,2025-04-01,H1032,Teknik Informatika,2025,110,0,Ruang Diskusi,3.1
K100544,2025-02-23,H1066,Teknik Informatika,2025,89,1,Ruang Baca,4.5
K100545,2025-05-15,H1031,Teknik Informatika,2025,75,1,Lab Komputer,3.6
K100546,2025-03-01,H1005,Teknik Informatika,2024,8,1,Ruang Diskusi,
K100547,2025-05-17,H1164,Teknik Informatika,2024,147,0,Ruang Baca,3.5
K100548,2025-04-09,H1104,Sistem Informasi,2023,155,2,Ruang Baca,4.7
K100549,2025-04-09,H1102,Teknik Informatika,2023,135,1,Ruang Baca,5.0
K100550,2025-03-28,H1130,Teknik Informatika,2024,65,1,Lab Komputer,
K100551,2025-02-01,H1060,Teknik Informatika,2024,135,2,Lab Komputer,3.4
K100552,2025-02-17,H1059,Teknik Informatika,2022,78,0,Ruang Baca,3.6
K100553,2025-06-05,H1168,Sistem Informasi,2024,42,3,Ruang Baca,4.2
K100554,2025-04-02,H1027,Bisnis Digital,2024,56,0,Ruang Diskusi,5.0
K100555,2025-02-09,H1141,Teknik Informatika,2023,67,2,Ruang Baca,3.6
K100556,2025-06-11,H1012,Sistem Informasi,2024,106,0,Lab Komputer,3.7
K100557,2025-04-14,H1090,Teknik Informatika,2023,72,1,Ruang Baca,3.4
K100558,2025-05-15,H1042,Sistem Informasi,2022,86,1,Ruang Baca,5.0
K100559,2025-03-30,H1096,Bisnis Digital,2025,75,1,Ruang Baca,4.9
K100560,2025-03-24,H1098,Teknik Informatika,2024,101,2,Ruang Diskusi,4.2
K100561,2025-06-06,H1164,Bisnis Digital,2022,20,2,Ruang Diskusi,4.5
K100562,2025-06-21,H1190,Teknik Informatika,2022,94,0,Ruang Baca,3.5
K100563,2025-04-19,H1061,Bisnis Digital,2022,56,1,Ruang Baca,3.2
K100564,2025-05-17,H1140,Teknik Informatika,2023,109,1,Ruang Diskusi,4.2
K100565,2025-04-18,H1093,Bisnis Digital,2023,79,0,Ruang Baca,4.9
K100566,2025-04-04,H1026,Bisnis Digital,2023,73,0,Ruang Baca,2.5
K100567,2025-02-23,H1157,Teknik Informatika,2022,141,1,Ruang Baca,4.0
K100568,2025-06-29,H1051,Teknik Informatika,2025,34,1,Ruang Baca,5.0
K100569,2025-03-08,H1128,Teknik Informatika,2022,40,1,Lab Komputer,3.6
K100570,2025-02-28,H1133,Teknik Informatika,2024,124,1,Ruang Baca,3.6
K100571,2025-03-29,H1105,Teknik Informatika,2023,89,1,Lab Komputer,3.8
K100572,2025-04-22,H1012,Bisnis Digital,2023,130,1,Ruang Baca,3.5
K100573,2025-05-21,H1072,Sistem Informasi,2024,99,2,Ruang Diskusi,4.8
K100574,2025-05-03,H1173,Sistem Informasi,2022,5,1,Ruang Diskusi,3.7
K100575,2025-04-24,H1182,Sistem Informasi,2022,96,0,Ruang Baca,4.0
K100576,2025-03-04,H1193,Teknik Informatika,2022,95,2,Lab Komputer,3.8
K100577,2025-06-29,H1112,Sistem Informasi,2023,5,1,Ruang Baca,4.3
K100578,2025-02-02,H1134,Teknik Informatika,2023,93,0,Ruang Baca,4.8
K100579,2025-06-15,H1173,Sistem Informasi,2023,51,1,Ruang Diskusi,4.2
K100580,2025-05-06,H1044,Teknik Informatika,2025,89,1,Ruang Diskusi,3.2
K100581,2025-05-04,H1089,Teknik Informatika,2023,116,3,Lab Komputer,3.9
K100582,2025-06-30,H1066,Sistem Informasi,2022,68,0,Ruang Baca,
K100583,2025-05-10,H1089,Sistem Informasi,2024,86,3,Lab Komputer,3.6
K100584,2025-05-10,H1113,Teknik Informatika,2024,102,0,Ruang Diskusi,3.6
K100585,2025-03-20,H1153,Teknik Informatika,2023,79,0,Ruang Baca,4.1
K100586,2025-03-21,H1124,Sistem Informasi,2024,31,1,Ruang Baca,4.1
K100587,2025-06-28,H1176,Teknik Informatika,2023,48,1,Ruang Baca,5.0
K100588,2025-04-09,H1041,Sistem Informasi,2022,60,0,Ruang Baca,3.7
K100589,2025-02-07,H1125,Bisnis Digital,2024,158,4,Lab Komputer,3.4
K100590,2025-06-05,H1056,Teknik Informatika,2023,127,0,Ruang Baca,4.5
K100591,2025-02-13,H1105,Bisnis Digital,2023,64,0,Ruang Diskusi,4.2
K100592,2025-03-29,H1175,Teknik Informatika,2022,44,2,Ruang Diskusi,3.8
K100593,2025-04-18,H1034,Bisnis Digital,2023,107,0,Ruang Diskusi,3.6
K100594,2025-03-11,H1192,Teknik Informatika,2023,38,3,Ruang Baca,4.2
K100595,2025-06-08,H1097,Teknik Informatika,2024,22,0,Ruang Baca,2.9
K100596,2025-03-31,H1093,Sistem Informasi,2023,95,1,Ruang Baca,4.3
K100597,2025-02-12,H1026,Teknik Informatika,2023,34,0,Lab Komputer,4.1
K100598,2025-05-22,H1054,Teknik Informatika,2023,94,2,Ruang Baca,4.5
K100599,2025-04-22,H1043,Teknik Informatika,2025,20,1,Ruang Diskusi,
K100600,2025-02-27,H1132,Teknik Informatika,2023,89,0,Ruang Diskusi,4.6
K100601,2025-03-22,H1006,Teknik Informatika,2023,62,1,Lab Komputer,4.4
K100602,2025-06-06,H1111,Teknik Informatika,2023,61,0,Ruang Diskusi,4.1
K100603,2025-05-06,H1193,Sistem Informasi,2023,99,1,Ruang Baca,3.3
K100604,2025-04-29,H1170,Teknik Informatika,2024,53,0,Ruang Diskusi,5.0
K100605,2025-03-04,H1187,Teknik Informatika,2023,98,1,Ruang Diskusi,4.9
K100606,2025-02-19,H1109,Teknik Informatika,2023,82,2,Ruang Baca,3.9
K100607,2025-02-25,H1180,Bisnis Digital,2024,48,1,Ruang Baca,4.1
K100608,2025-03-01,H1091,Teknik Informatika,2024,47,0,Ruang Diskusi,4.9
K100609,2025-02-15,H1035,Teknik Informatika,2022,98,0,Lab Komputer,3.1
K100610,2025-05-11,H1071,Teknik Informatika,2024,50,1,Ruang Baca,4.4
K100611,2025-05-24,H1115,Sistem Informasi,2025,61,0,Ruang Baca,4.7
K100612,2025-05-03,H1100,Sistem Informasi,2024,45,1,Ruang Baca,4.1
K100613,2025-02-16,H1001,Sistem Informasi,2024,60,0,Lab Komputer,2.9
K100614,2025-04-10,H1097,Bisnis Digital,2023,120,2,Ruang Baca,
K100615,2025-02-25,H1063,Teknik Informatika,2022,95,1,Ruang Diskusi,2.9
K100616,2025-05-30,H1051,Bisnis Digital,2022,28,1,Ruang Diskusi,4.8
K100617,2025-05-19,H1020,Teknik Informatika,2023,117,0,Ruang Baca,3.5
K100618,2025-02-22,H1078,Sistem Informasi,2025,101,2,Ruang Baca,3.6
K100619,2025-04-23,H1044,Sistem Informasi,2024,34,2,Ruang Diskusi,4.2
K100620,2025-05-07,H1107,Sistem Informasi,2022,65,1,Lab Komputer,3.6
K100621,2025-05-08,H1193,Sistem Informasi,2022,55,0,Ruang Baca,4.3
K100622,2025-05-04,H1134,Teknik Informatika,2023,108,2,Ruang Diskusi,3.7
K100623,2025-06-26,H1080,Teknik Informatika,2022,53,2,Lab Komputer,3.5
K100624,2025-06-30,H1175,Sistem Informasi,2023,83,1,Lab Komputer,4.6
K100625,2025-05-19,H1091,Teknik Informatika,2023,72,0,Lab Komputer,4.1
K100626,2025-05-24,H1062,Teknik Informatika,2023,64,0,Ruang Diskusi,4.7
K100627,2025-05-22,H1175,Sistem Informasi,2023,51,0,Ruang Baca,4.1
K100628,2025-02-15,H1119,Teknik Informatika,2025,135,1,Ruang Diskusi,4.4
K100629,2025-02-28,H1039,Bisnis Digital,2024,88,3,Lab Komputer,3.4
K100630,2025-04-03,H1032,Teknik Informatika,2024,34,1,Ruang Diskusi,3.8
K100631,2025-03-02,H1041,Teknik Informatika,2022,152,0,Ruang Baca,4.1
K100632,2025-02-23,H1064,Teknik Informatika,2023,78,1,Ruang Baca,5.0
K100633,2025-03-31,H1066,Teknik Informatika,2023,7,0,Lab Komputer,3.5
K100634,2025-02-25,H1120,Teknik Informatika,2022,88,0,Ruang Baca,4.4
K100635,2025-04-20,H1149,Teknik Informatika,2024,46,1,Ruang Baca,3.8
K100636,2025-03-03,H1043,Teknik Informatika,2022,83,0,Ruang Diskusi,2.8
K100637,2025-05-03,H1157,Teknik Informatika,2022,65,1,Ruang Baca,4.0
K100638,2025-05-12,H1018,Bisnis Digital,2024,10,2,Ruang Diskusi,
K100639,2025-06-02,H1169,Sistem Informasi,2025,29,1,Ruang Diskusi,5.0
K100640,2025-04-24,H1110,Sistem Informasi,2022,97,3,Ruang Baca,2.8
K100641,2025-06-14,H1188,Sistem Informasi,2023,95,2,Ruang Baca,5.0
K100642,2025-03-14,H1181,Bisnis Digital,2024,83,1,Ruang Baca,4.8
K100643,2025-04-01,H1063,Teknik Informatika,2023,55,1,Lab Komputer,5.0
K100644,2025-05-01,H1115,Sistem Informasi,2022,73,2,Ruang Diskusi,3.0
K100645,2025-03-08,H1050,Sistem Informasi,2023,87,1,Ruang Diskusi,3.5
K100646,2025-02-08,H1138,Sistem Informasi,2022,95,0,Ruang Diskusi,4.9
K100647,2025-05-01,H1141,Teknik Informatika,2024,86,2,Lab Komputer,4.1
K100648,2025-05-17,H1047,Bisnis Digital,2025,61,1,Ruang Diskusi,4.7
K100649,2025-06-30,H1072,Sistem Informasi,2022,133,0,Ruang Baca,3.1
K100650,2025-04-03,H1066,Sistem Informasi,2025,56,1,Ruang Diskusi,4.3
K100651,2025-05-30,H1101,Sistem Informasi,2022,69,0,Lab Komputer,5.0
K100652,2025-05-23,H1116,Teknik Informatika,2023,134,0,Ruang Diskusi,4.2
K100653,2025-04-15,H1057,Teknik Informatika,2025,56,2,Ruang Baca,4.7
K100654,2025-04-18,H1163,Teknik Informatika,2023,97,3,Ruang Baca,3.8
K100655,2025-06-17,H1018,Sistem Informasi,2024,41,1,Ruang Diskusi,4.6
K100656,2025-03-21,H1102,Bisnis Digital,2024,82,4,Ruang Diskusi,4.1
K100657,2025-06-15,H1161,Teknik Informatika,2024,8,2,Ruang Baca,4.2
K100658,2025-03-31,H1108,Teknik Informatika,2023,122,1,Lab Komputer,3.0
K100659,2025-04-09,H1099,Bisnis Digital,2022,114,0,Lab Komputer,4.0
K100660,2025-05-06,H1088,Sistem Informasi,2025,65,1,Ruang Baca,4.9
K100661,2025-04-06,H1118,Sistem Informasi,2024,94,2,Lab Komputer,4.7
K100662,2025-06-08,H1182,Sistem Informasi,2024,5,1,Ruang Baca,4.6
K100663,2025-06-14,H1141,Bisnis Digital,2025,117,5,Ruang Baca,3.8
K100664,2025-02-04,H1187,Sistem Informasi,2025,114,4,Ruang Diskusi,3.3
K100665,2025-02-24,H1164,Bisnis Digital,2023,68,1,Lab Komputer,3.9
K100666,2025-06-03,H1156,Bisnis Digital,2025,123,0,Lab Komputer,4.6
K100667,2025-06-26,H1154,Bisnis Digital,2022,9,1,Ruang Diskusi,4.0
K100668,2025-03-29,H1168,Sistem Informasi,2023,110,0,Ruang Baca,2.7
K100669,2025-03-27,H1054,Teknik Informatika,2024,93,0,Ruang Baca,5.0
K100670,2025-04-28,H1130,Bisnis Digital,2025,78,2,Lab Komputer,4.3
K100671,2025-06-27,H1182,Teknik Informatika,2023,116,2,Ruang Diskusi,4.0
K100672,2025-03-29,H1197,Sistem Informasi,2024,139,2,Ruang Diskusi,3.3
K100673,2025-03-28,H1148,Teknik Informatika,2024,40,0,Lab Komputer,3.5
K100674,2025-04-29,H1102,Sistem Informasi,2024,28,1,Lab Komputer,3.5
K100675,2025-06-05,H1029,Teknik Informatika,2023,98,2,Ruang Baca,3.8
K100676,2025-02-08,H1048,Teknik Informatika,2022,80,0,Ruang Diskusi,4.1
K100677,2025-02-19,H1057,Teknik Informatika,2025,77,3,Ruang Baca,3.6
K100678,2025-05-01,H1018,Teknik Informatika,2023,139,1,Ruang Baca,
K100679,2025-04-01,H1122,Teknik Informatika,2024,85,0,Ruang Baca,4.9
K100680,2025-03-29,H1062,Teknik Informatika,2024,59,1,Ruang Baca,4.4
K100681,2025-04-16,H1154,Teknik Informatika,2024,127,0,Lab Komputer,4.3
K100682,2025-06-19,H1033,Bisnis Digital,2024,109,1,Lab Komputer,
K100683,2025-03-21,H1090,Teknik Informatika,2023,50,1,Ruang Diskusi,3.8
K100684,2025-03-06,H1028,Teknik Informatika,2023,48,2,Ruang Diskusi,4.2
K100685,2025-03-15,H1067,Teknik Informatika,2025,130,2,Ruang Diskusi,2.5
K100686,2025-06-10,H1170,Teknik Informatika,2024,99,2,Lab Komputer,4.6
K100687,2025-05-30,H1156,Bisnis Digital,2025,68,2,Ruang Baca,4.3
K100688,2025-05-09,H1136,Sistem Informasi,2024,53,1,Lab Komputer,4.8
K100689,2025-06-08,H1128,Teknik Informatika,2024,72,3,Ruang Diskusi,3.7
K100690,2025-03-28,H1059,Teknik Informatika,2024,56,1,Ruang Baca,3.1
K100691,2025-04-15,H1162,Sistem Informasi,2025,64,0,Ruang Baca,3.2
K100692,2025-03-20,H1068,Sistem Informasi,2025,88,1,Ruang Baca,4.4
K100693,2025-05-20,H1114,Sistem Informasi,2025,71,0,Ruang Diskusi,3.2
K100694,2025-04-22,H1191,Teknik Informatika,2024,61,0,Ruang Baca,3.5
K100695,2025-03-06,H1111,Teknik Informatika,2024,121,0,Ruang Baca,5.0
K100696,2025-06-12,H1046,Bisnis Digital,2023,24,0,Ruang Baca,4.2
K100697,2025-06-24,H1164,Teknik Informatika,2023,64,0,Ruang Baca,3.5
K100698,2025-06-19,H1130,Bisnis Digital,2024,69,0,Ruang Baca,4.9
K100699,2025-04-29,H1139,Teknik Informatika,2024,28,1,Ruang Baca,5.0
K100700,2025-03-22,H1008,Teknik Informatika,2025,76,1,Lab Komputer,3.3
K100701,2025-06-17,H1099,Sistem Informasi,2022,44,3,Ruang Diskusi,4.2
K100702,2025-03-03,H1111,Bisnis Digital,2025,92,2,Ruang Diskusi,5.0
K100703,2025-06-13,H1038,Teknik Informatika,2024,70,0,Ruang Diskusi,3.2
K100704,2025-02-28,H1040,Teknik Informatika,2025,63,2,Lab Komputer,3.9
K100705,2025-03-28,H1156,Teknik Informatika,2024,50,2,Lab Komputer,3.7
K100706,2025-02-15,H1043,Teknik Informatika,2023,138,0,Ruang Baca,3.8
K100707,2025-06-29,H1184,Teknik Informatika,2022,5,2,Ruang Diskusi,
K100708,2025-06-24,H1077,Bisnis Digital,2023,70,0,Ruang Baca,4.9
K100709,2025-03-23,H1089,Teknik Informatika,2024,31,0,Ruang Baca,3.3
K100710,2025-03-07,H1107,Teknik Informatika,2023,61,1,Ruang Baca,4.2
K100711,2025-06-05,H1183,Teknik Informatika,2022,68,2,Ruang Diskusi,4.2
K100712,2025-03-31,H1016,Teknik Informatika,2024,60,1,Ruang Baca,4.2
K100713,2025-06-20,H1040,Teknik Informatika,2024,71,6,Lab Komputer,5.0
K100714,2025-06-26,H1106,Teknik Informatika,2023,102,2,Ruang Baca,2.8
K100715,2025-04-07,H1194,Teknik Informatika,2024,50,1,Ruang Baca,3.4
K100716,2025-02-08,H1138,Teknik Informatika,2025,50,0,Ruang Diskusi,4.1
K100717,2025-04-08,H1081,Teknik Informatika,2022,91,4,Ruang Diskusi,4.0
K100718,2025-05-19,H1010,Sistem Informasi,2022,116,1,Ruang Diskusi,2.4
K100719,2025-03-25,H1129,Sistem Informasi,2023,87,1,Lab Komputer,3.0
K100720,2025-04-04,H1141,Teknik Informatika,2022,65,1,Ruang Diskusi,4.7
K100721,2025-02-17,H1080,Bisnis Digital,2024,60,1,Ruang Diskusi,2.5
K100722,2025-02-07,H1023,Sistem Informasi,2022,14,1,Ruang Diskusi,3.0
K100723,2025-02-19,H1158,Sistem Informasi,2025,83,2,Ruang Baca,3.8
K100724,2025-05-31,H1063,Sistem Informasi,2024,115,1,Ruang Diskusi,3.6
K100725,2025-03-27,H1128,Teknik Informatika,2023,28,0,Ruang Baca,3.9
K100726,2025-03-03,H1028,Teknik Informatika,2024,94,1,Ruang Baca,3.9
K100727,2025-04-02,H1042,Sistem Informasi,2023,75,1,Lab Komputer,3.5
K100728,2025-06-08,H1196,Teknik Informatika,2024,69,1,Ruang Diskusi,
K100729,2025-05-26,H1100,Teknik Informatika,2025,5,3,Ruang Diskusi,3.9
K100730,2025-04-12,H1127,Teknik Informatika,2025,107,3,Ruang Diskusi,
K100731,2025-05-06,H1065,Teknik Informatika,2023,91,0,Lab Komputer,3.5
K100732,2025-05-04,H1123,Sistem Informasi,2025,107,0,Ruang Baca,3.3
K100733,2025-06-22,H1040,Sistem Informasi,2025,130,3,Ruang Diskusi,4.9
K100734,2025-03-15,H1142,Sistem Informasi,2022,103,1,Ruang Baca,4.3
K100735,2025-06-13,H1148,Teknik Informatika,2023,50,2,Lab Komputer,3.8
K100736,2025-02-09,H1102,Teknik Informatika,2025,27,2,Ruang Diskusi,3.9
K100737,2025-04-19,H1191,Teknik Informatika,2025,105,0,Ruang Baca,2.6
K100738,2025-06-28,H1074,Teknik Informatika,2022,112,0,Ruang Diskusi,3.4
K100739,2025-05-09,H1088,Teknik Informatika,2024,93,1,Ruang Diskusi,
K100740,2025-05-10,H1087,Bisnis Digital,2024,62,0,Ruang Diskusi,3.3
K100741,2025-06-28,H1121,Teknik Informatika,2024,137,5,Ruang Diskusi,5.0
K100742,2025-04-20,H1157,Bisnis Digital,2023,63,0,Lab Komputer,3.6
K100743,2025-02-02,H1122,Teknik Informatika,2023,88,1,Lab Komputer,2.4
K100744,2025-05-18,H1023,Bisnis Digital,2024,84,2,Ruang Baca,3.5
K100745,2025-02-28,H1182,Bisnis Digital,2024,146,1,Lab Komputer,4.2
K100746,2025-02-25,H1091,Sistem Informasi,2024,79,1,Lab Komputer,3.9
K100747,2025-05-09,H1068,Sistem Informasi,2022,102,1,Ruang Baca,5.0
K100748,2025-05-01,H1052,Teknik Informatika,2023,67,2,Ruang Baca,5.0
K100749,2025-03-25,H1189,Teknik Informatika,2022,169,1,Ruang Diskusi,3.7
K100750,2025-06-05,H1062,Bisnis Digital,2024,50,0,Ruang Diskusi,5.0
K100751,2025-02-14,H1099,Sistem Informasi,2025,5,4,Ruang Diskusi,3.7
K100752,2025-04-01,H1059,Sistem Informasi,2022,128,1,Lab Komputer,3.8
K100753,2025-05-17,H1018,Sistem Informasi,2022,57,1,Ruang Diskusi,
K100754,2025-02-03,H1174,Teknik Informatika,2025,49,1,Ruang Diskusi,3.0
K100755,2025-05-02,H1152,Teknik Informatika,2025,36,2,Ruang Diskusi,4.3
K100756,2025-03-23,H1156,Teknik Informatika,2023,167,0,Ruang Baca,3.2
K100757,2025-06-23,H1054,Sistem Informasi,2024,71,1,Ruang Diskusi,3.9
K100758,2025-03-14,H1060,Sistem Informasi,2025,93,1,Lab Komputer,4.1
K100759,2025-04-23,H1028,Teknik Informatika,2023,72,2,Lab Komputer,4.3
K100760,2025-03-14,H1179,Teknik Informatika,2024,86,0,Ruang Baca,4.6
K100761,2025-03-29,H1192,Teknik Informatika,2022,114,0,Ruang Diskusi,3.8
K100762,2025-04-15,H1157,Teknik Informatika,2022,81,0,Lab Komputer,4.0
K100763,2025-06-05,H1168,Sistem Informasi,2024,49,0,Ruang Baca,4.6
K100764,2025-05-05,H1011,Bisnis Digital,2024,70,3,Ruang Diskusi,2.8
K100765,2025-04-16,H1033,Teknik Informatika,2024,122,1,Ruang Baca,5.0
K100766,2025-06-04,H1169,Sistem Informasi,2022,52,0,Lab Komputer,3.9
K100767,2025-04-19,H1117,Bisnis Digital,2022,27,3,Ruang Baca,
K100768,2025-02-02,H1075,Teknik Informatika,2023,81,1,Ruang Baca,3.9
K100769,2025-06-17,H1153,Teknik Informatika,2025,93,2,Ruang Baca,
K100770,2025-04-26,H1077,Teknik Informatika,2023,42,1,Ruang Baca,5.0
K100771,2025-02-10,H1186,Teknik Informatika,2022,5,2,Lab Komputer,2.9
K100772,2025-03-10,H1025,Sistem Informasi,2023,84,0,Ruang Diskusi,4.7
K100773,2025-03-04,H1115,Teknik Informatika,2022,59,0,Ruang Diskusi,3.6
K100774,2025-02-23,H1115,Sistem Informasi,2025,101,1,Lab Komputer,5.0
K100775,2025-06-21,H1134,Teknik Informatika,2022,71,0,Ruang Baca,4.3
K100776,2025-05-26,H1004,Sistem Informasi,2025,130,2,Ruang Baca,4.6
K100777,2025-04-26,H1078,Teknik Informatika,2022,41,0,Ruang Diskusi,4.4
K100778,2025-06-12,H1046,Teknik Informatika,2023,102,2,Ruang Baca,4.2
K100779,2025-02-14,H1097,Teknik Informatika,2024,77,0,Ruang Baca,3.8
K100780,2025-04-03,H1082,Teknik Informatika,2023,12,1,Ruang Baca,4.4
K100781,2025-06-03,H1081,Sistem Informasi,2025,123,1,Ruang Baca,4.7
K100782,2025-04-12,H1122,Teknik Informatika,2022,69,0,Ruang Diskusi,4.5
K100783,2025-06-16,H1034,Sistem Informasi,2024,44,2,Ruang Baca,5.0
K100784,2025-06-18,H1036,Teknik Informatika,2024,82,0,Ruang Diskusi,2.9
K100785,2025-05-25,H1151,Teknik Informatika,2025,98,0,Ruang Baca,4.5
K100786,2025-03-21,H1066,Bisnis Digital,2024,86,1,Lab Komputer,3.2
K100787,2025-04-22,H1119,Sistem Informasi,2025,24,1,Ruang Diskusi,3.9
K100788,2025-04-06,H1057,Sistem Informasi,2024,99,4,Ruang Baca,5.0
K100789,2025-02-04,H1003,Bisnis Digital,2022,94,3,Ruang Baca,4.5
K100790,2025-02-23,H1172,Teknik Informatika,2023,32,1,Ruang Baca,3.8
K100791,2025-02-16,H1066,Teknik Informatika,2022,92,2,Lab Komputer,3.9
K100792,2025-04-08,H1088,Bisnis Digital,2023,123,4,Ruang Baca,2.8
K100793,2025-02-05,H1064,Sistem Informasi,2025,43,0,Ruang Baca,5.0
K100794,2025-04-30,H1147,Teknik Informatika,2022,79,1,Lab Komputer,4.8
K100795,2025-06-11,H1015,Sistem Informasi,2025,86,1,Lab Komputer,5.0
K100796,2025-04-29,H1188,Bisnis Digital,2024,140,4,Ruang Baca,3.1
K100797,2025-04-19,H1160,Sistem Informasi,2024,66,2,Ruang Baca,3.8
K100798,2025-02-27,H1185,Bisnis Digital,2024,104,2,Ruang Diskusi,3.2
K100799,2025-02-27,H1109,Teknik Informatika,2023,82,0,Lab Komputer,4.1
K100800,2025-04-23,H1023,Sistem Informasi,2024,123,1,Ruang Diskusi,4.3
K100801,2025-02-28,H1191,Bisnis Digital,2024,47,0,Ruang Diskusi,3.8
K100802,2025-05-18,H1103,Sistem Informasi,2023,89,1,Ruang Baca,5.0
K100803,2025-02-04,H1158,Teknik Informatika,2025,82,0,Ruang Diskusi,3.6
K100804,2025-03-28,H1139,Bisnis Digital,2023,79,1,Ruang Diskusi,
K100805,2025-04-08,H1099,Sistem Informasi,2022,44,1,Ruang Baca,4.3
K100806,2025-06-07,H1123,Sistem Informasi,2024,37,0,Ruang Diskusi,3.7
K100807,2025-04-26,H1124,Sistem Informasi,2022,93,1,Lab Komputer,3.5
K100808,2025-06-22,H1097,Teknik Informatika,2022,152,1,Ruang Diskusi,3.8
K100809,2025-06-23,H1188,Teknik Informatika,2024,70,0,Ruang Baca,3.6
K100810,2025-03-26,H1070,Teknik Informatika,2022,37,1,Ruang Diskusi,4.3
K100811,2025-04-18,H1140,Sistem Informasi,2025,101,1,Ruang Baca,3.6
K100812,2025-03-30,H1059,Teknik Informatika,2025,56,2,Ruang Baca,3.0
K100813,2025-04-10,H1185,Teknik Informatika,2022,49,0,Ruang Baca,3.6
K100814,2025-02-27,H1173,Sistem Informasi,2022,69,1,Ruang Baca,5.0
K100815,2025-06-21,H1058,Sistem Informasi,2025,43,2,Ruang Diskusi,3.8
K100816,2025-05-08,H1084,Teknik Informatika,2023,62,0,Ruang Diskusi,4.6
K100817,2025-04-09,H1135,Sistem Informasi,2024,83,0,Ruang Baca,4.2
K100818,2025-05-14,H1085,Sistem Informasi,2025,76,1,Lab Komputer,4.6
K100819,2025-05-10,H1073,Sistem Informasi,2023,8,1,Lab Komputer,4.2
K100820,2025-05-21,H1012,Bisnis Digital,2023,100,0,Ruang Diskusi,3.7
K100821,2025-06-02,H1173,Bisnis Digital,2022,104,1,Ruang Baca,4.2
K100822,2025-03-09,H1040,Teknik Informatika,2023,79,0,Ruang Baca,3.0
K100823,2025-06-22,H1199,Teknik Informatika,2022,39,1,Ruang Diskusi,4.8
K100824,2025-02-05,H1055,Bisnis Digital,2024,136,2,Lab Komputer,3.4
K100825,2025-02-28,H1146,Teknik Informatika,2025,53,1,Ruang Diskusi,4.9
K100826,2025-02-25,H1007,Sistem Informasi,2025,116,0,Ruang Baca,2.8
K100827,2025-04-18,H1077,Bisnis Digital,2023,57,0,Ruang Baca,
K100828,2025-02-19,H1012,Teknik Informatika,2024,67,2,Ruang Diskusi,3.3
K100829,2025-06-06,H1093,Sistem Informasi,2022,37,0,Ruang Diskusi,3.2
K100830,2025-05-22,H1062,Teknik Informatika,2025,40,0,Ruang Baca,4.6
K100831,2025-02-12,H1086,Teknik Informatika,2024,73,1,Ruang Baca,5.0
K100832,2025-06-07,H1011,Teknik Informatika,2024,23,2,Ruang Diskusi,2.8
K100833,2025-06-15,H1017,Teknik Informatika,2023,62,0,Ruang Diskusi,4.2
K100834,2025-04-05,H1018,Sistem Informasi,2023,76,0,Ruang Diskusi,3.6
K100835,2025-02-15,H1156,Bisnis Digital,2024,71,3,Ruang Baca,4.3
K100836,2025-04-13,H1099,Bisnis Digital,2025,52,1,Lab Komputer,4.3
K100837,2025-02-09,H1107,Teknik Informatika,2023,84,2,Ruang Diskusi,3.3
K100838,2025-06-11,H1115,Teknik Informatika,2022,129,0,Lab Komputer,4.4
K100839,2025-05-04,H1061,Teknik Informatika,2025,71,1,Ruang Baca,4.0
K100840,2025-06-19,H1119,Teknik Informatika,2024,82,0,Ruang Baca,2.6
K100841,2025-05-15,H1010,Teknik Informatika,2024,99,1,Ruang Baca,4.6
K100842,2025-06-22,H1033,Bisnis Digital,2022,88,0,Ruang Diskusi,4.1
K100843,2025-03-22,H1159,Sistem Informasi,2025,45,0,Ruang Diskusi,3.7
K100844,2025-04-01,H1197,Sistem Informasi,2025,38,1,Ruang Diskusi,3.4
K100845,2025-06-20,H1170,Sistem Informasi,2025,111,0,Lab Komputer,5.0
K100846,2025-03-19,H1146,Sistem Informasi,2025,80,1,Lab Komputer,3.4
K100847,2025-04-13,H1150,Teknik Informatika,2024,43,1,Ruang Diskusi,4.6
K100848,2025-06-23,H1044,Sistem Informasi,2025,48,1,Ruang Baca,3.5
K100849,2025-02-09,H1109,Teknik Informatika,2024,72,1,Ruang Baca,4.4
K100850,2025-04-02,H1129,Teknik Informatika,2022,46,1,Ruang Baca,4.5
K100851,2025-03-18,H1019,Teknik Informatika,2023,86,1,Lab Komputer,
K100852,2025-05-03,H1189,Teknik Informatika,2024,69,1,Ruang Diskusi,3.1
K100853,2025-05-12,H1004,Teknik Informatika,2022,89,2,Ruang Baca,3.2
K100854,2025-06-30,H1175,Sistem Informasi,2023,53,0,Ruang Diskusi,3.3
K100855,2025-06-30,H1112,Teknik Informatika,2022,120,1,Ruang Diskusi,3.6
K100856,2025-05-24,H1009,Teknik Informatika,2024,87,2,Lab Komputer,4.2
K100857,2025-05-31,H1118,Teknik Informatika,2022,112,2,Ruang Baca,3.6
K100858,2025-04-19,H1150,Bisnis Digital,2024,144,3,Ruang Diskusi,3.9
K100859,2025-03-05,H1081,Sistem Informasi,2025,34,0,Lab Komputer,5.0
K100860,2025-04-28,H1010,Bisnis Digital,2025,121,2,Ruang Baca,4.0
K100861,2025-05-03,H1162,Teknik Informatika,2023,75,1,Lab Komputer,3.5
K100862,2025-06-23,H1053,Sistem Informasi,2022,132,1,Lab Komputer,4.0
K100863,2025-04-11,H1110,Teknik Informatika,2022,67,1,Ruang Diskusi,5.0
K100864,2025-03-16,H1155,Sistem Informasi,2022,137,2,Ruang Baca,3.4
K100865,2025-02-06,H1117,Teknik Informatika,2023,135,1,Ruang Diskusi,3.8
K100866,2025-04-25,H1030,Teknik Informatika,2022,135,2,Ruang Baca,4.2
K100867,2025-04-18,H1040,Bisnis Digital,2023,5,0,Ruang Diskusi,5.0
K100868,2025-04-03,H1151,Sistem Informasi,2023,82,1,Lab Komputer,4.0
K100869,2025-05-21,H1045,Bisnis Digital,2023,48,1,Ruang Baca,
K100870,2025-05-20,H1095,Teknik Informatika,2022,74,2,Ruang Diskusi,3.9
K100871,2025-06-08,H1164,Bisnis Digital,2022,115,0,Ruang Diskusi,4.4
K100872,2025-03-20,H1048,Sistem Informasi,2024,63,1,Ruang Diskusi,4.8
K100873,2025-06-26,H1060,Bisnis Digital,2023,68,0,Ruang Diskusi,4.1
K100874,2025-03-09,H1026,Teknik Informatika,2025,64,3,Ruang Baca,4.4
K100875,2025-02-25,H1118,Teknik Informatika,2025,34,0,Lab Komputer,5.0
K100876,2025-03-15,H1136,Teknik Informatika,2024,79,2,Ruang Diskusi,2.5
K100877,2025-04-07,H1064,Bisnis Digital,2023,118,1,Ruang Diskusi,4.7
K100878,2025-06-21,H1047,Teknik Informatika,2025,84,1,Ruang Diskusi,3.4
K100879,2025-02-01,H1021,Teknik Informatika,2023,37,1,Lab Komputer,4.0
K100880,2025-06-05,H1055,Bisnis Digital,2023,84,3,Ruang Baca,3.6
K100881,2025-03-08,H1184,Bisnis Digital,2023,55,0,Ruang Baca,4.6
K100882,2025-05-31,H1132,Sistem Informasi,2024,47,0,Ruang Diskusi,4.4
K100883,2025-05-25,H1070,Sistem Informasi,2022,103,1,Ruang Baca,3.9
K100884,2025-03-26,H1101,Teknik Informatika,2024,61,0,Lab Komputer,4.1
K100885,2025-02-10,H1110,Sistem Informasi,2023,73,2,Lab Komputer,4.0
K100886,2025-03-30,H1160,Sistem Informasi,2023,107,0,Lab Komputer,3.6
K100887,2025-02-18,H1110,Teknik Informatika,2024,5,0,Ruang Baca,4.1
K100888,2025-02-03,H1067,Bisnis Digital,2023,47,3,Ruang Baca,4.6
K100889,2025-03-22,H1014,Teknik Informatika,2022,93,2,Lab Komputer,5.0
K100890,2025-05-19,H1133,Bisnis Digital,2022,54,0,Ruang Diskusi,5.0
K100891,2025-06-04,H1176,Teknik Informatika,2022,87,1,Ruang Baca,4.5
K100892,2025-06-26,H1104,Sistem Informasi,2024,105,1,Ruang Baca,4.0
K100893,2025-03-20,H1162,Sistem Informasi,2024,126,2,Ruang Diskusi,3.9
K100894,2025-02-17,H1152,Bisnis Digital,2024,89,1,Ruang Baca,3.6
K100895,2025-06-23,H1133,Teknik Informatika,2022,7,1,Ruang Baca,3.1
K100896,2025-03-19,H1117,Teknik Informatika,2025,82,0,Ruang Diskusi,3.1
K100897,2025-06-26,H1052,Teknik Informatika,2023,41,1,Ruang Baca,
K100898,2025-06-13,H1021,Teknik Informatika,2023,5,0,Ruang Diskusi,3.6
K100899,2025-06-18,H1070,Sistem Informasi,2025,65,1,Ruang Baca,3.8
